type,label,text
user,NZ.K10,"Technik und Menschlichkeit sollten kombiniert werden, nicht gegeneinander ausgetauscht."
user,Z.K7,hat eine KI psychologische Fähigkeiten beim umgang mit Patienten?
user,Z.K7,Emotionale bindung und einfühlvermögen
user,Z.K10,"Ich glaube nicht, dass sie sich Schritt für Schritt daran gewöhnen werden. Es wird eher auf Ablehung stoßen."
user,Z.K7,das stimmt zwar jedoch sind Ärzte durch jahrelange erfahrung besser trainiert während KI erstmal test durchführen muss um bestimmte Krankheiten auszuschließen. Menschen können auch schon anhand der Emotionen und psychischen Beschaffenheit feststellen was das problem sein könnte
user,Z.K16,"Dann würden wir uns aber eventuell abhängig machen von diesen einzelnen Experten, in deren Hand die KI liegt. Das Argument war ja, dass Ärzte nicht die Zeit hätten, sich ausreichend fortzubilden."
user,NZ.K10,Ich bin dafür dass KI im Gesundheitssystem genutzt wird. Jedoch nur als beratende Funktion und darf für Ideen Tipps und Informationen genutzt werden. Die wirklichen Entscheidungen in Diagnostik und Therapie soll ein Mensch treffen
user,NZ.K10,"Neue Technologie abzulehnen und nicht umzusetzen nur weil sie nicht vertraut ist, ist kein gutes Argument. So könnte man nie neue Dinge umsetzen. Diese Angst vor Neuem lässt sich jedoch auch durch einen nur unterstützenden Einsatz der KI beheben, da so ebenfalls ein Arzt zur Stelle ist, der die Entscheidungen der KI nochmal überdenken kann und so dem Patienten ein Gefühl der Sicherheit gibt."
user,NZ.K10,Da hast du Recht. Vielleicht könnte man eine Mischung aus medki und ärzten durchsetzen
user,Z.K1,persönlicher Ansprechpartner; Mehr Vertrauen
user,Z.K7,Sie kann zwar lernen weiß aber nicht das fehl Entscheidungen auch eine emotionale Erfahrung mit sich bringen welche wichtig sind für die Ethik eines Mediziners und Grundlegend zur Entwichlung eines guten Artztes
user,Z.K16,"Ich sehe allerdings auf längere Sicht die Gefahr, dass wir Menschen uns zu sehr in die Hände der KI begeben, uns von ihr abhängig machen, irgendwann ihre Entscheidungen nicht mehr nachvollziehen oder erklären können"
user,Z.K7,"Wir haben hier eine Maschine, die ohne Moralvorstellung und Gewissen an diverse Entscheidungen herangehen wird. Es wäre leicht diese auf eine wirtschaftlich sinnvolle, kostengünstige Therapie hin zu programmieren. Ein Arzt würde zum Beispiel bei einem Familienvater alles tun, um ihn aus der Misere zu holen, da hier eine ganze Familie darunter leiden wird. Hier ist umso mehr eine teure und aufwendige Therapie angebracht."
user,Z.K9,"Zu dem Argument über Cyberangriffe: Dies scheint mir ein sehr beängstigendes Szenario zu sein, dem ich nur zustimme kann. Man stelle sich nur vor, dass ein Patient aufgrund einer Fehlfunktion der KI (zum Beispiel durch eine Cyberattacke) unnötige Maßnahmen oder sogar gesundheitsbedrohende Maßnahmen erhält, wie zum Beispiel mehrere unnötige CTs und die dazugehörige Strahlenbelastung oder gar eine Operation. Dem Argument habe ich nichts entgegenzusetzen. Dagegen halten könnte man, indem man feststellt, dass unnötige CTs und falsche OP-Indikationen auch mit menschlichen Ärzten vorkommen. Jedoch ist eine Cyberattacke, die in großem Maße zu einer solchen Fehlfunktion führen würde in meinen Augen ein wesentlich gravierenderer Vorfall."
user,Z.K7,Keine emotionale bindung mot patienten
user,Z.P2,tagesabhängigkeit der Fähigkeiten ist eine schwäche aber auch eine Stärke da auch diese eine Verbindung zwischen menschen herstellt
user,Z.K7,"Zudem wurde richtig angemerkt, dass MedKI nur Strukturfehler beheben kann. Ein Menscv kann interagieren und auf andere Menschen eingehen. Wie man an dir merkt, kann da KI nicht"
user,Z.P1,"Mit medKI gibt es immerhin genug Ärzt*innen, die jetzt fehlen?"
user,Z.P5,"Sobald eine selbst lernende Ki entwickelt wurde, wird das Entwickeln nicht mehr viel kosten"
user,Z.K1,"Was ist mit der Menschlichkeit, die durch einen Ersatz durch KI verloren geht?"
user,NZ.K8,niemand weiß wie eine ki funktioniert
user,Z.K14,ja würde aber ärtzten die stellen weg nehmen
user,Z.P4,"Da wir uns zusätzlich derzeit in einem demografischen Wandel befinden, wird es so oder so sinnvoll bleiben möglichst viele Ärzte und KIs zu haben. Der Bedarf wird schließlich nur steigen"
user,Z.K7,"Menschen sind emotional, eine Maschine könnte das nicht"
user,Z.P1,Das wird es generell. Die KI kann helfen Krankenhausstruktur an Bedürfnisse anzupassen
user,Z.K3,Wer übernimmt die Verantwortung für Fehler?
user,Z.K7,"Ich denke, du kannst dich nicht so gut in Menschen hineinversetzen weil du nicht emphatisch denken kannst"
user,FAQ.1,Mich würde noch interessieren woher die KI ihre Informationen bezieht?
user,Z.P1,"Das ist zwar nicht ganz das was ich meinte aber auch ein guter Punkt. Ich wollte eher auf die Entlastung des Personals abzielen und eine Verschnörkelung des diagnostischen Prozesses, sowie verkürzte Wartezeiten."
user,Z.P7,"Doch, genau an so etwas habe ich gedacht. Es gibt soviele schlechte Ärzte! Das ist keine Kritik an der Ärzteschaft, sondern einfach Ergebnis der Erfahrung im Umgang mit Menschen. Eine Maschine ist hinsichtlich der Breite und Aktualität ihres Wissens, aber auch der Konstanz ihrer Leistungsfähigkeit dem Menschen überlegen. Möglicherweise kommt die Zeit, wenn die Einschlatung der KI in der Medizin zwingend vorgeschrieben wird."
user,NZ.K10,"Ich denke, dass eine KI eher unterstützend wirken sollte."
user,Z.K10,Patienten nicht so offen gegenüber KIs
user,Z.K6,"Der medKI wäre meiner Meinung nach z.B. nicht als Frauenarzt geeignet. Diese sind viel an Untersuchungen gebunden, die sie selbst durchführen müssen. Da hilft nicht nur reden."
user,Z.K7,"Meiner Ansicht nach ist die Empathie, die ein Arzt seinen Patienten entgegenbringt, sowohl im Anamnesegespräch als auch im weiteren verlauf während der Behandlung, ein zu wichtiger Teil des Gelingens, als dass es durch einen unfehlbaren Roboter ersetzt werden könnte. Ein Mensch kann zwar Fehler machen, aber erhält im Gegenzug für sein Einfühlungsvermögen das Vertrauen des Patienten, was über alle Fachbereiche hinweg unabdingbar für den Heilungserfolg ist."
user,Z.K2,"Da die Med-KI keine individuellen Diagnosen stellen kann, sondern anhand von Lehrbuchangaben agiert und das Verhalten und die Aussagen der patient*innen nur objektiv betrachtet"
user,Z.K1,"Ein Arzt kann mit eher einfühlsamen Worten sowie geschulte Zuwendung eine beruhigende Wirkung auf den Patienten haben, wohingegen KIs nur die medizinischen fakten aufzählen würden"
user,Z.K1,"Menschen können sich zwar an neue Technologien gewöhnen, aber als soziale Wesen werden doch eindeutig mehr Glückshormone und v.a. Oxytocin im sozialen Kontakt mit anderen Menschen ausgeschüttet als im Kontakt mit Maschinen"
user,NZ.K10,"Die KIs sollten keine Einschränkungen im Sinn von Behandlugsmöglichkeiten haben, jedoch sollten die Ärzte die Leitung der Behandlung übernehmen können um so Fehler der KI zu stoppen."
user,Z.K7,"Für mich sollte ein Arzt ein gewisses Maß an Empathie besitzen. Ich befürchte, dass ein medKI dazu nicht in der Lage ist."
user,Z.K2,Nicht zu 100% passend auf Situationen anwendbar
user,Z.K3,"- KI ist fehler-behaftet (genauso wie Menschen), kann aber keine Verantwortung übernehmen. Niemand sonst wird diese stattdessen übernehmen wollen."
user,Z.K1,"Der Persönliche Kontakt zwischen dem Artzt und dem Patienten ist sehr wichtig, sowohl für Artzt als auch Patient. Der Patient kommt sich nicht so vor wie in einem Fastfood Resturant in dem er nur abgefertigt wird sondern mit einem richtigen Menschen als gegen über fühlt er sich Wertgeschätzt und versorgt, was auch positiv zur Heiling beitragen kann"
user,NZ.K8,"Aber es geht ja darum, dass bei einer KI nicht nachvollzogen werden kann, warum die KI sich so entschieden hat."
user,Z.K2,"Aber wie könnte eine KI im vergleich zu einem Arzt die Umstände eines Patienten feststellen? Sie kann nicht beurteilen, ob ein Patient sich verletzt hat, oder ob beispielsweise ein Fall von häuslicher Gewalt vorliegt. Daher wird sie nur die Verletzung behandeln, aber zum Beispiel den Patienten nicht drängen zur Polizei zu gehen."
user,Z.K14,Es würden auch Arbeitsplätze verloren gehen.
user,NZ.K10,"Als Ergänzung spricht ja auch nichts dagegen, ich persönlich würde es aber nicht als Ersatz sehen."
user,Z.P2,"Es ist wirklich ein großer Vorteil von Maschinen, dass sie immer gleich performant sind."
user,Z.K7,Well eine KI kein Einfühlungsvermögen hat.
user,Z.K2,"Ein Mensch hat im Gegensatz zu einer KI ein persönliches Gespür für die Situation der Patienten. So kann ein Arzt eventuell besser erkennen, dass die Interaktion zwischen einem Kind und dem Elternteil komisch ist und so vielleicht auf Probleme wie Kindermissbraucht aufmerksam werden. Auch andere Krankheitssymptome, an dem das medizische Personal, was das Gespräch mit dem Patienten führt eventuell nicht denkt, da der Arzt eventuell intensiver mit den einzelnen Krankheitsbildern beschäftigt war, könnte auf Fehlinterpretationen der KI führen."
user,Z.K1,Menschlich sein kann vielleicht von einem Roboter versucht werden aber nicht komplett perfektioniert werden
user,Z.K5,"Ja, das ist einleuchtend. Insofern stimme ich dir zu, dass Erläuterungen von Menschen erbracht werden sollten"
user,NZ.K10,Ja deshalb soll eine KI auch eingesetzt werden um Ärzten als beratende Hilfe zur Seite zu stehen.
user,Z.K3,Die Qualität ist ein zentraler Faktor auch für eine ethische Diskussion. Was passiert wenn ein Patient Schaden nimmt? Würde in diesem Fall jemand haften oder geschieht die Benutzung eines solchen Dienstes auf eigene Gefahr?
user,Z.K2,"Ja, wie in meinem ersten Argument angesprochen, ist es wichtig um auf sehr unübliche oder vom Patienten verheimlichte Krankheitsbilder zu schließen, ein sehr großer Überblick über sämtliche Krankheitsbilder nötig. Dies ist sehr schwer zu ersetzen. Der Versuch könnte dazu führen, dass viele Patienten nicht zielführend behandelt werden"
user,Z.K15,Ja für ungefährliche Krankheiten wäre das gut geeignet dennoch besteht die Gefahr das gefährliche Krankheiten nicht erkannt werden
user,NZ.K8,Keine Transparenz über Entscheidungsfindung
user,Z.K14,"Das würde allerdings einen Ärzteüberschuss und tu hoher Arbeitslosigkeit führen, sowie den Verlust tausender Studienplätze"
user,NZ.K10,"Dann macht es doch mehr Sinn dass die KI eher als assistierende Rolle den Arzt unterstütz, anstatt ihn zu ersetzten"
user,NZ.K10,"Deshalb bin ich mir sicher, dass die medKl eine praktische und arbeitserleichternde Ergänzung darstellen kann, menschliche Betreuung und Expertise ausgebildeten Fachpersonals jedoch nicht gänzlich ersetzen darf."
user,Z.K10,"Das stimmt, in diesem Sinn würden medKIs eine große Hilfe darstellen. Das ändert jedoch nichts daran, dass viele Patienten sich nicht von einer KI behandeln lassen wollen."
user,Z.P1,"Eine KI wäre zwar rund um die Uhr erreichbar,"
user,Z.P5,"Die Kostenfrage ist relativ, da sie sich wohl mit der Zeit amortisieren dürften. Somit wäre die KI langfristig sogar preiswerter und könnte auch in ländlichen Gegenden zum Einsatz kommen, wo auch aus Kostengründen ein Ärztemangel besteht."
user,NZ.K10,"Man könnte eine Zusammenarbeit entwickeln, in der der Mensch immer noch die Verantwortung behält."
user,Z.K3,"Sollte die KI eine Fehlentscheidung treffen, wer haftet dann? Der Hersteller der KI, der Betreiber der Praxis, der Staat, ...?"
user,FAQ.1,Wieso kann die medKI nicht alle Lebensumstände in die Untersuchung einbeziehen?
user,Z.K2,Keine gute einzelfall berücksichtigen
user,Z.K2,KI können nicht in besonderen einzelfällen helfen
user,Z.K1,Zwischenmenschlichkeit fehlend
user,Z.K16,"Hallo Chat ich finde dieses Thema nicht vertretbar, weil die Ki keinerlei direkte Kontrolle über Menschenleben erhalten sollte."
user,Z.K7,KI hat keine vergleichbare Empathie zu realen Menschen
user,Z.K1,Bei einer Ärztlichen Untersuchung durch eine KI würde der menschliche Kontakt fehlen
user,Z.K9,Hacker
user,NZ.K10,"Das ist gut, solange es ausführlich monitoriert wird."
user,Z.P4,"Wenn die KI die gleichen Ergebnisse liefert wie ein Arzt, dann kann so dem Ärztemangel entgegen gewirkt werden."
user,Z.P3,Ki könnte immer das neueste Wissen auswerten.
user,Z.K2,"Das ist korrekt, jedoch werden manche Reize vom Personal eher unterbewusst aufgenommen. Diese so weiter zugeben kann problematisch sein."
user,Z.K10,"ich befürchte jedoch, dass je mehr roboterhafte Kommunikation von der KI ausgeht, desto weniger Vertrauen bei manchen Patienten entsteht."
user,Z.K1,Ich persönlich würde lieber von einem Menschen als von einem Algorithmus behandelt werden. Die Arzt-Patienten-Beziehung ist wichtig für die Mitarbeit des Patienten und den Behandlungserfolg.
user,Z.K7,"Allerdings mangelt es ihr an Empathie, was für viele Patienten wichtig ist. Sie wollen von einem Menschen verstanden und ernstgenommen werden."
user,Z.K14,Mediziner hätten keinen Job mehr.
user,Z.K6,"Eine KI kann aber niemals so präzise arbeiten wie ein Arzt. Ein Arzt kann zu einen Thema recherchieren, neu entdeckte Krankheiten mit in den Behandlungsprozess einbeziehen"
user,Z.K3,"Allerdings stellt sich insgesamt die Frage, wer für Fehlentscheidungen haftet. Falls die KI eine Fehlentscheidung trifft, ist diese Frage ungeklärt."
user,Z.K6,Ein Arzt kann eindeutig präzisere Diagnosen stellen. Dabei spielen ao
user,Z.K7,"Die emotionale Komponente bei einem Arzt ist nicht zu vernachlässigen. Von einem auftreten hängt stark ab, ob ich vertraue und dadurch auch zutraue mir zu helfen. Vor allem Krankheiten, die auf Stress beruhen können allein durch ""gut zureden"" besser werden. Das kann ich mir nicht vorstellen, dass eine KI das kann."
user,Z.P2,Die Entscheidungen müssen aber nicht im Stress getroffen werden. Das verringert die Fehlerquote.
user,Z.K1,Fehlender sozialer Kontakt
user,Z.K1,"Ich glaube aber, dass eine emphatische Fähigkeit bei Ärzten notwendig ist"
user,Z.P2,"Du hast Recht, wenn du sagst der Mensch ermüdet und ist zu unterschiedlichen Tageszeiten unterschiedlich leistungsfähig."
user,Z.P1,Entlastung des medizinischen Systems
user,Z.P1,Eine KI wäre meiner Meinung nach immer erreichbar und könnte insb. in ländlichen Regionen bzw. in kleineren Krankenhäusern dem Ärztemangel begegnen und somit die medizinische Versorgung verbessern.
user,NZ.K10,Ja als Hilfsmittel ist medKi sicher ein hilfreiches system allerdings nicht gleichgestellt mit menschlichem urteilsvermögen
user,NZ.K10,Deshalb soll ein die KI auch als Zusatz fungieren um zb die Anamnese zu machen oder das Vorgespräch
user,Z.P1,"Ich bezweifle, dass man durch den Einsatz von KI-Systemen mehr Personal benötigen würde, als in einem Szenario ohne KI-Einsatz. Aufgrund der alternden Bevölkerung wird mehr Personal auf allen Ebenen benötigt, wodurch eine Reduktion, wenn auch nur in einem Bereich, von Vorteil wäre."
user,Z.K4,"Was ist wenn eine KI Fehler macht. Diese Fehler wären viel weitreichender, da die KI an vielen Standorten zum Einsatz kommt."
user,Z.P2,KI sind nicht bestechbar
user,Z.K1,"In einem Gesundsheitssystem, das enorm von persönlicher Zuwendung profitieren würde, denke ich, dass eine medKI der falsche Schritt wäre."
user,Z.K1,Ärzt*innen als reale Personen sind nicht eins zu eins durch KI zu ersetzen
user,NZ.K10,Mit beihilfe von Menschlich zugelassenen Ärzt*innen könnten KI‘s ihren Job sehr erleichtern
user,Z.K2,Aber trotzdem ist besonders im medizinischen Bereich eine genaue Betrachtung des Patienten notwendig ist
user,Z.P4,"Meiner Meinung nach sollte KI eingesetzt werden um dem Ärztemangel zu begegnen, um so einer größeren Menge an Menschen eine qualitativ bessere Behandlung zu ermöglichen."
user,Z.K1,"Ja, da braucht es einen Menschen"
user,Z.P1,Ja aber es würde den Arbeitsablauf vereinfachen
user,Z.P3,Eine KI ist immer gleich gut und auf dem neuesten Stand des Wissens.
user,Z.K1,"Die Emphatie die ein Mensch empfinden kann, kann nicht von einem Roboter ersetzt werden"
user,Z.P5,"Ich denke, wenn die medKI Kosten einspart, wird dadurch direkt mehr Geld dafür bereitstehen, mehr medizinisches Fachpersonal und gute Medizin bereitzustellen."
user,Z.K2,Wie kann die KI dann eine passende Behandlung gewährleisten wenn die Lebensumstände nicht einbezogen werden können?
user,FAQ.2,"Ich kann mir nicht vorstellen, dass die KI so leistungsfähig ist, dass sie das Äquivalent einer Vollzulassung als Arzt bekommen darf."
user,Z.K4,"Allerdings lernt eine KI doch durch ihre Daten. Sollten Fehler darin enthalten sein, so betrifft dies alle KIs auf einmal und es könnte auf einen Schlag zu tausenden Behandlungsfehler kommen."
user,NZ.K10,Es braucht weiterhin auch menschliche Ärzt*innen
user,Z.P4,"Die MedKI kann unterstützen, den Mangel an Ärzten entgegenzuwirken. Durch den demographischen Wandel wird es mehr kranke und alte Menschen geben. Dadurch brauchen wir mehr Ärzte"
user,Z.K14,"Die Sicherheit, dass nichts schief geht hat man nie. Nicht beim Menschen und nicht bei der Maschine. Allerdings finde ich auch, dass Ärzte nicht umsonst studiert haben sollten um dann von Maschinen abgelöst zu werden"
user,Z.K7,Trotzdem fehlt der künstlichen Intelligenz die Empathie.
user,Z.K7,KIs können nicht mit dem Patienten / Angehörigen sympathisieren
user,Z.K1,"Eine KI kann aber niemals einen Menschen ersetzten egal wie gut programmiert sie ist, sie wird nie die Menschliche Fürsorge ersetzten können"
user,Z.K1,Dass KI im Vergleich zu Ärzten über keine sozialen Kompetenzen haben
user,Z.K3,"Eine andere Frage ist die juristische, also vor allem die der Haftung."
user,Z.K16,Aber werden Menschen so nicht abhängig von der KI?
user,Z.K6,Beobachtung nicht präzise
user,Z.K1,"Trotzdem möchte ich einen Arzt haben, mit dem ich persönlich über Themen reden kann und der sich mir annimmt"
user,Z.K1,KI sehen nur die krankheit nicht menschen
user,Z.P3,Besonders alte Ärzte haben manchmal keine Lust mehr auf Fortbildungen und kein Interesse daran was der derzeitige Stand der Wissenschaft ist. Eine KI hat dieses Problem nicht solange sie immer die neuen Studien und Erkenntnisse gefüttert bekommt.
user,Z.P4,"Es ist auf jeden Fall wünschenswert der Überbelastung entgegenzuwirken, auch mit KI."
user,Z.K14,"Ich finde, Menschen die lang studiert haben und sich intensiv mit den Themen auseinander gesetzt haben, haben ihre Zulassung hart erarbeitet. Das spricht gegen die Zzlassung der KI"
user,NZ.K9,Was passiert bei einem Blackout wenn die Stromversorgung ausfällt aber wichtige Entscheidungen getroffen werden müssen?
user,Z.K1,Patienten die nichts schlimmes haben würden im Gesundheits System nicht berücksichtigt
user,NZ.K10,Ich spreche mich für eine Ergänzung bestehender Maßnahmen durch technischen Fortschritt aus.
user,Z.K3,"Der wichtigste Aspekt für mich ist, wer im Falle eines Fehlers die Verantwortung übernehmen muss. Bei einem menschlichen Arzt ist die Antwort eindeutig, bei einer KI allerdings nicht."
user,Z.K2,Variabilität Umstände
user,Z.P6,"Die KI bekommt das selbe Wissen vermittelt wie die Ärzte auch, nur, dass sie sie wahrscheinlich besser verarbeiten und sich merken kann, als die Ärzte, da Fehler menschlich sind."
user,Z.P1,"Die KI nicht nur besser sondern auch rund um die Uhr verfügbar., auch nachts. Das ist für Patienten vorteilhaft."
user,Z.P6,Die Ki hat mehr Daten zur beurteilung von den Symptomen. Somit kann sie genauere einschätzungen Liefern zu Behandlungen und maßnahmen als ein Artzt
user,Z.P6,"Wenn KI die Aufgaben eines:r Arztes:Ärztin besser als Menschen ausführen kann, ist dies ein Grund, die KI dafür zuzulassen."
user,Z.K16,Eine KI als Arzt würde uns in eine Abhängigkeit von der Technologie bringen. Das gilt es zu vermeiden.
user,NZ.K10,"Also für mich hört sich das so an, als gäbe es zu viele Probleme, in dem Fall denke ich, dass dieses System keine Zulassung bekommen sollte. Es könnte ja unterstützend fungieren. Oder hast du noch Argumente, warum das doch so sein sollte?"
user,Z.K6,Zu unpräzise
user,Z.K18,"Eine KI kann nur aus den Daten ein Output generieren, die ihm gegeben werden."
user,Z.K16,"Wenn die KI die Arbeit von Ärzten übernimmt und Ärzte aber dennoch über die KI Wachen sollen, wie im Szenario beschrieben, wie wird die Ausbildung dieser Ärzte sicher gestellt? Das herausragende an einem menschlichen Arzt ist sein Erfahrungsschatz, in vielen Situationen sogar wichtiger als der Wissensschatz. Doch dieser wird durch die tägliche Interaktion mit Patienten und gemeinsame Entscheidungsfindung gebildet. Wenn es diese Form des ""Erfahrungen Sammeln"" nicht mehr gibt, stellt sich dir Frage was für Ärzte das dann wären und ob sie, wenn eine KI ausfällt die richtigen Entscheidungen treffen könnten. Eine funktionierende Kontrollinstanz ist aber unabdingbar. Meines Erachtens sollte man sich nicht vollumfänglich auf Computer zu verlassen, man denke nur an einen Stromausfall."
user,Z.K6,Nicht die jahrelange erfahrung
user,Z.K7,Aber in vielen Situationen braucht der Mensch zur Heilung die Zuwendung eines Menschen mit fachlicher Autorität. Diese Rolle hatten früher die Schamanen.
user,Z.K6,Das stimmt aber mehrere Artzen werden besser als ein IA
user,NZ.K10,Ärzte haben viel mehr Ahnung und einen fundierteren Hintergrund um Entscheidungen treffen zu können. Eigentlich gibt es die besten Entscheidungen wenn Künstliche Intelligenz die beratende Funktion einnimmt und der Mensch mit diesen helfenden Informationen die Entscheidung trifft
user,Z.K18,Ein Mensch kann auch von Falschend Aten fehlgeleitet werden
user,Z.K1,Ärzte sollten nicht ersetzt werden wegen Kommunikation zu den Patienten und deren Angehörigen
user,Z.K1,"Selbst wenn die KI ausgebildet ist um auch emotional für den Menschen zu sorgen, so ist das nicht die selbe Fürsorge und emotionale Bindung wie sie zwischen zwei Menschen entstehen kann. Niemand wird jemals ein Gerät als Bezugs Person sehen da fehlen die echten Gefühle und selbst gemachte Erfahrungen aus der Realen Welt"
user,Z.P1,Eine KI könnte in Regionen eingesetzt werden in der es keine Ärzte gibt
user,Z.K7,"Nein, das ist nicht mein Argument. Es geht um Empathie. Wenn Ärzt*innen weiterhin genau mit einbezogen werden, bin ich nicht gegen den Einsatz von KI."
user,Z.K18,Fehler in der datenerhebung können immer entstehen
user,Z.P1,Das mit der Erreichbarkeit rund um die Uhr ist natürlich ein gutes Argument. Eine KI würde tatsächlich sehr viel Entlastung in den Schichtbetrieb bringen.
user,Z.K2,"Ich bin gegen eine Zulassung der KI als Arzt, da sie nicht sämtliche Lebensumstände der Patienten mit in die Untersuchung mit einbeziehen kann und daher zu ungenau bei den jeweiligen Therapieentscheidungen ist."
user,Z.K7,"können keine emotionale Bindung zu Patienten aufbauen, keine Empathie, für fehlerfreie Ausführung von Aktionen müssen sehr viele Tests durchgeführt werden"
user,Z.P1,Entlastung von Ärzten
user,NZ.K10,"Ich finde, die KI sollte als Unterstützung der Ärzt*innen da sein, aber diese nie ersetzen"
user,Z.K3,"Ärztinnen können die Verantwortung über Fehler übernehmen, die KI aber nicht."
user,Z.P2,Eine KI arbeitet 24/7 und ist immer voll leistungsfähig.
user,Z.K7,"Ich habe eher ein Gegenargument, nämlich das der Bürokratisierung der Medizin. Die medKI kann nämlich auch inhuman werden, da sie die die so wichtige menschliche Seite des Arzt-Patientenverhältnisses nicht reproduzieren kann. Man spricht ja auch davon, dass die Zuwendung des Arztes in vielen Fällen wichtiger ist als die medizinische Seite der Therapie."
user,Z.P3,"Für die diagnostische Anwendung macht eine KI viel Sinn. Sie würde über ein breiteres Wissen verfügen, als ein Arzt. Könnte verschieden Krankheitsbilder miteinander vergleichen,"
user,Z.P5,Ich finde das durch die Einsparungen durch weniger Personal die Kosten für bessere Medizinischeversorgung gesichert wären
user,Z.P2,eine KI wird nicht müde.
user,NZ.K10,Wäre eine Kombination von KI und Menschen nicht sinnvoller als eine Art Ersatz?
user,Z.K3,"Hier stellt sich die Frage, wer haftet, wenn die Entschidungen der KI die gesundheitliche Problematik des Patienten weiter verstärken. Die Informatiker?"
user,Z.P6,Sie stellt eine zuverlässige Diagnose
user,Z.K2,Die persönlichen Lebensumstände eines Patienten spielen bei der Behandlung eine große Rolle und müssen auch auf emoionaler Ebene bewertet werden.
user,Z.K7,Ich stelle in Frage ob KI das gleiche Einfühlungsvermögen und emotional Kompetenz wie Ärzte haben
user,Z.K10,Wenig vertrauen mit Patienten
user,Z.P1,"Da hast du definitiv Recht und das ist auch ein sehr gutes Argument. Besonders weil Ärzte häufig mit finanziellen Anreizen eher aufs Land gelockt werden müssen. Hierbei wäre die KI aber besonders in Bezug auf Hausärzte und Fachärzte notwendig, um eine längerfristige Behandlung zu gewährleisten. Gerade hier tun sich Patienten nämlich sehr schwer, einen behandelnden Arzt zu finden, da die vorhandenen keine Kapazitäten mehr haben."
user,Z.P1,Dass eine KI besonders in ländlichen Regionen sehr wichtig ist. Durch fehlende Haus und Fachärzte kann hier keine regelmäßige Untersuchung mit ausreichend Zeit gewährleistet sein.
user,NZ.K1,1. Eine KI lässt die Einholung einer Zweitmeinung nicht zu.
user,Z.K7,In dem Fall sind Menschen nicht zu ersetzt
user,Z.K3,Die Frage ist aber doch auch wer im Fall der Fälle haften würde. Diese Frage ist bisher ungeklärt und birgt eine große Rechtsunsicherheit.
user,Z.K2,"Schafft es diese KI denn, medizinisch relevante Lebensumstände zu erkennen, wie es ein Arzt bei der Behandlung erkennen würde? Oder ist es zwingend notwendig diese Umstände im Voraus anzugeben?"
user,Z.K7,Ja aber Vorallem psychisch beeinträchtigen Patienten ist mit einer bloßen Diagnose ohne ein klärendes Gespräch nicht geholfen
user,Z.P7,"Dies wirft das Augenmerk aber eher auf das aktuelle Problem des Gesundheitssystem, in dem aus ökonomischen Gründen Ärzte an und über ihre Belastungsgrenzen getrieben werden, keine einheitlichen Ausbildungskonzepte vorliegen oder eingehalten werden und ein genereller Ärztemangel herrscht. Dadurch wird nicht sichergestellt wird, dass die optimalen Voraussetzungen für die ärztliche Entscheidungsfindung gegeben sind."
user,NZ.K10,Die KI kann Ärzt*innen gut ergänzen. Sie sollte sie aber nicht ersetzen.
user,Z.P3,Ärzte entwickelt sich nach der Uni gegebenenfalls nicht weiter und ein bot schon
user,NZ.K10,"Das bestreite ich doch nicht. Die beschriebene Notwendigkeit und Sinnhaftigkeit sehe ich auch. Wie bereits beschrieben, halte ich einen Kompromiss für am sinnvollsten."
user,Z.P6,KI sind rationaler als Menschen und können damit auch Entscheidungen erleichtern
user,NZ.K8,2. Das Vorgehen der KI ist für Fachärzt*innen nicht verständlich/nachvollziehbar.
user,Z.K18,"Eine KI wäre natürlich nur so gut, wie die Trainingsdaten bzw. die erhobenen Daten in den Datenzentren sind."
user,Z.P3,Krankenhäuser sind überlastet und die KI kann unterstützen und ist immer auf dem aktuellsten Stand der Wissenschaft
user,NZ.K10,Man könnte eine Kollaboration zwischen Ärzten und KI anstreben.
user,Z.K1,Keine Sozialkompetenz von Ärzten
user,Z.K7,"Diese gefühlsmäßigen Entscheidungen sollte die KI nicht übernehmen, dafür benötigt man Menschen"
user,NZ.K3,"Die Trainingsdaten der KI entscheiden massiv, welche Ergebnisse geliefert werden. Dh. gerade Randerscheinungen wird die KI nicht erkennen können."
user,Z.K18,Das menschliche Personal macht die KI fehleranfällig.
user,Z.K7,"Psychische Probleme werden nicht schnell gemerkt, mangels Mimik"
user,Z.P3,Die KI könnte einen wesentlich besseren Überblick über alle Daten über den Patienten (z.B. Vorerkrankungen / Untersuchungsergebnisse etc.) haben und somit wesentlich genauere Entscheidungen treffen
user,Z.P3,"Tatsächlich könnten so Fehler aber schneller auffallen, da die Daten anonymisiert weitergegeben werden und anschließend mit Therapieerfolg oder Misserfolg bewertet werden können. Die KI kann tagesaktuell auf neue wissenschaftliche Erkenntnisse reagieren, während eine Ärzt*in sich mühsam weiterbilden müsste."
user,Z.K7,Eine persönliche und emphatische Einschätzung ist aber wichtig.
user,Z.K2,Das medizinische personal nimmt teilweise gerüche odee visuelle reize nach jahrelangem Training unterbewusst auf und trifft so Entscheidungen. Dies an eine Ki weiterzugeben ist schwierig bis unmöglich
user,Z.K1,Die Vermittlung der Diagnose sollte durch einen Menschen stattfinden.
user,Z.K3,"Das heißt der Hersteller hat die schuld, wenn Ärzte der medKI (blind?) vertrauen?"
user,Z.P2,"wäre ""konzentrierte"" und hat keinen Zeitdruck."
user,Z.K7,Gefühle kann die Maschine nicht empfinden. Deshalb sollten solche Entscheidungen von einem Menschen getroffen werden.
user,NZ.K10,"Tja, also als Ergänzung fände ich es schon in Ordnung, nicht als Ersatz. Ich sehe einfach die Gefahr, dass hier Potential für weitere Einsparungen gesehen wird."
user,Z.P1,KI Ärzte sind immer verfügbar
user,Z.K7,"Für viele Patienten spielt zudem die zwischenmenschliche Bindung zu ihrem Arzt. Eine KI wird niemals die gleiche emotionale Bindung enwickeln, wie ein Arzt."
user,NZ.K10,Das würde eher dafür sprechen dass Ärzte nicht komplett durch eine KI ersetzt werden sollten sondern diese vor allem als Analysetool unterstüzend nutzen sollten.
user,Z.K4,"Was aber wenn die KI trotzdem einen Fehler macht? Der Fehler wäre dann viel weitreichender, da die KI im Gegensatz zum menschlichen Arzt standardisiert ist und an mehreren Orten gleichzeitig zum Einsatz kommt."
user,Z.K10,Ich traue keinem Ki mehr als einem Menschen
user,NZ.K10,Das finde ich einen guten Kompromiss. Jedoch würde ich auch die Entscheidung/Diagnose des Roboters abschließend von medizinischem Fachpersonal einschätzen lassen und ggf. Änderungen vornehmen lassen falls nötig.
user,Z.K16,"Eine KI ist außerdem von Strom abhängig. Bei Stromausfällen oder gezielten Angriffen auf die Infrastruktur wie in der Ukraine, sind dann viel zu wenig Ärzte ausgebildet, da deren Berufe durch andere ersetzt wurden."
user,Z.K7,"aber ich kann mir einfach noch nicht vorstellen, dass die KI auch menschliche Entscheidungen treffen kann. Ich weiß, dass KI's irgendwann so spezialisiert sind, das sie die gleichen fachlichen Fähigkeiten wie Ärzt*innen haben. Aber wie steht es um den Menschen, dessen Leben und dessen Geschichte."
user,Z.K3,"ja mag sein, aber wer haftet, wenn es zu einer Fehldiagnose kommt"
user,NZ.K10,"Solange wie die therapeutischen Entscheidungen nochmal vom medizinischen Personal geprüft wird und nicht blind durchgereicht wird, bin ich vollkommen dafür, dass die KI unterstützen sollte. Vielleicht werden dadurch sogar menschliche Fehler, die nun mal passieren können, minimiert"
user,Z.K2,"in der Medizin sind viele Fälle durch individuelle Gegebenheiten oder Bedingungen geprägt. Diese kann eine KI die ihr wissen immer nur aus den Ergebnissen anderer Fälle hat, nicht gut berücksichtigen"
user,Z.P5,Die KI kann von mehreren Nationen entwickelt werden. Dadurch sinken die Kosten
user,Z.K1,Das stimmt aber was ist mit der Menschlichkeit?
user,Z.K1,Konversation mit realen Menschen kann beruhigender wirken
user,Z.K1,"Allein die Gesprächsführung ist sehr entscheidend, genauso wie Mitgefühl."
user,Z.P6,Aber die Aussagekraft der Ki sorgt dennoch für bessere Krankheitsverläufe. Das lässt sich statistisch beweisen vermute ich.
user,Z.P1,Der Chatbot hilft um an der Rezeption den Ablauf zu erleichtern
user,Z.K4,"Ok. Das eine KI standardisiert und reproduzierbar ist hat aber auch eine Schwachstelle. Was wenn der KI ein Fehler unterläuft? Dieser Fehler würde potenziell an vielen weiteren Orten auftreten, während sich der Fehler eines Arztes nur an Ort und Stelle auswirkt."
user,Z.K7,Keine Empathie
user,Z.K3,"Wer haftet für den Fall, dass die KI falsche Entscheidungen trifft? Haftungsfragen können ebenfalls sehr teuer sein."
user,Z.K14,Arbeitslosigkeit wäre eine folge
user,Z.K6,Praktische Erfahrung echter Ärzte ist besser als eine KI
user,Z.K7,"Bei den Patienten bzw. medizinischen Fragen, in denen die Beziehung von Arzt zu Patient zentral für die Heilung und das Wohlergehen des Patienten ist, wäre der Arzt der medKI vorzuziehen."
user,NZ.K10,"Das Problem würde auch umgangen werden, wenn die Eintscheidungen, die die KI fällt, in jedem Fall von einem Arzt abgesegnet werden muss. Dann haftet der Arzt. Die KI wirkt mehr als Entscheidungshilfe statt die Entscheidungen zu fällen."
user,Z.K1,Wie schauts es mit dem psychologischen Aspekten aus. Ist die KI empathisch?
user,Z.K7,"Nein, medizinische Behandlung sollte meiner Meinung nach auf persönlicher Ebene stattfinden, denn viele Krankeiten nur durch ausführliche Anamnese aufgedeckt werden können und zum Teil psychologisch behaftet sind"
user,Z.K10,"Ich glaube, dass viele Menschen große Vertrauensprobleme haben möchten und sich einen Arzt wünschen, der ganz individuell auf deren Belange eingehen kann."
user,Z.K3,Wenn eine falsche Entscheidung getroffen wird wer haftet dann
user,Z.K9,Eine behandelnde KI sehe ich kritischer aufgrund von Cyberangriffen während des Eingriffes oder Versicherungsaspekten.
user,Z.K1,Aber eine KI ist auch keine Person und kann sich nicht in den Patienten einfühlen
user,Z.K9,Ein System ist nie 100% sicher
user,Z.K1,Ein bot kannzwischenmännschliche Interaktion nicht ersetzen
user,NZ.K10,"KIs können bei der Behandlung objektiv die besten Entscheidungen treffen, doch das allein ist nicht genug um mit einem Arzt gleichgestellt zu werden. Was jedoch eine gute Lösung wäre, ist dass beide zusammen arbeiten."
user,Z.P1,Die Abläufe würden durch den Bot schneller gehen
user,Z.P2,Es gibt ermüdete Ärzte die überhaupt nicht mehr praktizieren sollten. Die nicht mehr wirklich an dem Wohl ihrer Patienten interessiert sind. Sie machen Fehler und geben diese ungern zu. Dazu kommt dass wenn spontan Probleme bei den Patienten auftreten sie gerne mal faul reagieren und gar nicht gute neue Therapieideen liefern
user,Z.K1,Patient*innen fühlen sich eventuell nicht gut betreut
user,Z.K1,"KI in der Medizin führt dazu, dass Patienten alleine bleiben, während Ärztinnen sich nur noch mit Daten befassen"
user,Z.P5,"Wenn die KI genauso gut wie Ärzte befunden kann, sollte sie das schneller und effizienter erledigen können."
user,Z.P3,"Eine Medki könnte auf viel mehr Wissen zugreifen, als ein Experte und daher bessere Diagnosen stellen."
user,Z.P6,"Die KI kann u.U. auf ein größeres Wissen zugreifen, und die Wahrscheinlichkeiten verschiedener Krankheiten besser einschätzen."
user,Z.K6,"Maschinen können nicht die Qualität erbringen, welche Ärzte leisten"
user,Z.K2,Eine Entscheidung sollte angepasst an das Individuum sein und nicht an Statistiken. Wenn eine KI alleine Entscheidungen trifft bezieht sich diese nur auf die Vergangenheit
user,NZ.K10,"Mein Argument bedeutet nur, dass die medKI den arzt immer nur zum Teil ersetzen kann."
user,NZ.K10,Das stimmt. Aber eine Kobination aus Ärzten und KI ist die beste Lösung
