,label,text
chatgpt4,Z.P1,MedKIs machen gute Medizin besser!
chatgpt4,Z.P1,medKI ist gut für Heilung.
chatgpt4,Z.P1,Die medizinische KI führt zu besserer Gesundheitsversorgung.
chatgpt4,Z.P1,Medizinische KI verbessert die Versorgung für alle.
chatgpt4,Z.P1,Eine medizinische KI optimiert die Qualität der medizinischen Betreuung.
chatgpt4,Z.P1,Durch den Einsatz von medKI werden Diagnose- und Therapieentscheidungen verbessert.
chatgpt4,Z.P1,Die Implementierung von medizinischen KIs führt zu einer verbesserten Versorgung im Gesundheitswesen.
chatgpt4,Z.P1,Die medizinische KI trägt zur Steigerung der Effektivität und Effizienz von Diagnose- und Therapieverfahren bei.
chatgpt4,Z.P1,Eine ausreichend leistungsfähige medizinische KI kann die Qualität von Diagnose- und Therapieentscheidungen substanziell verbessern und damit zur Optimierung der medizinischen Versorgung beitragen.
chatgpt4,Z.P1,"Die Anwendung von künstlicher Intelligenz im medizinischen Bereich ermöglicht eine präzisere Diagnosestellung und effektivere Therapieentscheidungen, was letztlich zu einer ethisch vertretbaren Verbesserung der medizinischen Versorgung führt."
chatgpt4,Z.P4,medKI gut für ältere Leute.
chatgpt4,Z.P4,medKI hilft mehr bei alten Menschen.
chatgpt4,Z.P4,Die medKI kann die wachsende medizinische Nachfrage von älteren Menschen erfüllen.
chatgpt4,Z.P4,Mit medKI kann die medizinische Versorgung von älteren Menschen besser gewährleistet werden.
chatgpt4,Z.P4,medKI kann die Herausforderungen einer alternden Gesellschaft in der medizinischen Versorgung effektiv angehen.
chatgpt4,Z.P4,"Eine alternde Gesellschaft benötigt medKI, um die steigende Nachfrage nach medizinischer Versorgung zu bewältigen."
chatgpt4,Z.P4,Die medizinische KI ist eine Schlüsselkomponente zur Bewältigung der wachsenden medizinischen Anforderungen einer alternden Bevölkerung.
chatgpt4,Z.P4,"In einer alternden Gesellschaft ist die medizinische KI essentiell, um den steigenden Bedarf an Gesundheitsversorgung adäquat zu decken."
chatgpt4,Z.P4,"Die medizinische KI stellt eine effiziente und skalierbare Lösung dar, um die zunehmende Nachfrage nach medizinischen Leistungen in einer alternden Gesellschaft zu befriedigen."
chatgpt4,Z.P4,"Angesichts der demografischen Herausforderungen einer alternden Gesellschaft kann die Implementierung von medizinischen KI-Systemen dazu beitragen, die steigenden Anforderungen an die medizinische Versorgung effektiv und nachhaltig zu bewältigen."
chatgpt4,Z.P2,medKI immer gleich gut!
chatgpt4,Z.P2,medKI macht Dinge gleich.
chatgpt4,Z.P2,Die medKI ist gleichbleibend und wiederholbar.
chatgpt4,Z.P2,Medizinische KI hat gleichbleibende Standards.
chatgpt4,Z.P2,Die medizinische KI bietet standardisierte und reproduzierbare Ergebnisse.
chatgpt4,Z.P2,Ein Vorteil der medKI ist ihre Konsistenz und Reproduzierbarkeit.
chatgpt4,Z.P2,Die medizinische KI garantiert eine standardisierte und reproduzierbare Leistung bei Diagnose und Therapie.
chatgpt4,Z.P2,Dank der Standardisierung und Reproduzierbarkeit ermöglicht die medizinische KI eine konsistente Versorgungsqualität.
chatgpt4,Z.P2,"Die medizinische KI gewährleistet eine standardisierte und reproduzierbare Herangehensweise bei der Diagnosestellung und Therapieentscheidung, was zu einer erhöhten Behandlungsqualität führt."
chatgpt4,Z.P2,"Die Anwendung von medizinischer KI trägt zur Verbesserung der medizinischen Versorgung bei, indem sie eine standardisierte und reproduzierbare Vorgehensweise in Diagnose und Therapie sicherstellt, wodurch eine konsistente Qualität gewährleistet wird."
chatgpt4,Z.P3,medKI weiß immer alles.
chatgpt4,Z.P3,medKI kennt neue Medizin immer.
chatgpt4,Z.P3,Die medKI hat immer aktuelles medizinisches Wissen.
chatgpt4,Z.P3,Medizinische KI bleibt immer auf dem neuesten Stand.
chatgpt4,Z.P3,Die medizinische KI ist kontinuierlich auf dem aktuellen Stand der Medizin.
chatgpt4,Z.P3,"Ein Vorteil der medKI ist ihre Fähigkeit, stets auf dem neuesten Stand medizinischen Wissens zu sein."
chatgpt4,Z.P3,Die medizinische KI gewährleistet eine fortlaufende Aktualisierung des medizinischen Wissensstandes.
chatgpt4,Z.P3,Durch die medizinische KI wird die kontinuierliche Aktualisierung und Integration neuester medizinischer Erkenntnisse sichergestellt.
chatgpt4,Z.P3,"Die medizinische KI ist in der Lage, stets auf dem aktuellen Stand des medizinischen Wissens zu agieren, wodurch die Qualität der Diagnose- und Therapieentscheidungen gewährleistet wird."
chatgpt4,Z.P3,"Die Anwendung von medizinischer KI in der Gesundheitsversorgung ermöglicht eine kontinuierliche Aktualisierung des medizinischen Wissens, was zu einer verbesserten Diagnose- und Therapiequalität führt."
chatgpt4,Z.P6,medKI genauer gut!
chatgpt4,Z.P6,"Diagnose genau, medKI top!"
chatgpt4,Z.P6,Genauere Resultate durch medKI.
chatgpt4,Z.P6,Medizinische KI für präzisere Diagnosen.
chatgpt4,Z.P6,Mit medizinischer KI werden Ergebnisse präziser.
chatgpt4,Z.P6,Die Genauigkeit von Diagnosen steigt durch medKI-Anwendung.
chatgpt4,Z.P6,Die Anwendung von medizinischer KI verbessert die Genauigkeit von Diagnose- und Therapieergebnissen.
chatgpt4,Z.P6,Durch den Einsatz von KI in der Medizin wird eine höhere Präzision erreicht.
chatgpt4,Z.P6,Der Einsatz von medizinischer KI in der Diagnostik und Therapie führt zu einer signifikant erhöhten Präzision der Ergebnisse.
chatgpt4,Z.P6,"Medizinische KI trägt maßgeblich zur Steigerung der Genauigkeit in Diagnose- und Therapieentscheidungen bei, was zu einer verbesserten Patientenversorgung führt."
chatgpt4,Z.P5,"medKI billiger, besser!"
chatgpt4,Z.P5,Geld sparen mit medKI.
chatgpt4,Z.P5,Kostengünstigere und bessere medKI.
chatgpt4,Z.P5,Medizinische KI: günstiger und besser.
chatgpt4,Z.P5,Die medKI bietet höhere Qualität zu geringeren Kosten.
chatgpt4,Z.P5,Mit medKI erhalten wir kosteneffiziente medizinische Leistungen von hoher Qualität.
chatgpt4,Z.P5,Medizinische KI ermöglicht eine kosteneffektive Verbesserung der Versorgungsqualität.
chatgpt4,Z.P5,Durch den Einsatz von medizinischer KI werden höhere Qualitätsstandards bei geringeren Kosten erreicht.
chatgpt4,Z.P5,Die Implementierung von medizinischer KI führt zu einer kosteneffizienten Steigerung der Qualität medizinischer Leistungen.
chatgpt4,Z.P5,"Medizinische KI trägt zur Verbesserung der Patientenversorgung bei und ermöglicht gleichzeitig eine kosteneffiziente Nutzung von Ressourcen, was eine höhere Qualität bei geringeren Kosten gewährleistet."
chatgpt4,Z.P7,Alte Medizin nicht gut!
chatgpt4,Z.P7,Aktuelles System schlecht.
chatgpt4,Z.P7,Jetziges Medizinsystem unzureichend.
chatgpt4,Z.P7,Medizin heute nicht optimal.
chatgpt4,Z.P7,Das gegenwärtige Medizinsystem hat Schwächen.
chatgpt4,Z.P7,Unser aktuelles medizinisches System ist verbesserungswürdig.
chatgpt4,Z.P7,Das derzeitige medizinische System weist suboptimale Aspekte auf.
chatgpt4,Z.P7,Ineffizienzen im gegenwärtigen Medizinsystem erfordern Verbesserungen.
chatgpt4,Z.P7,Die aktuelle Struktur des medizinischen Systems zeigt suboptimale Ergebnisse und erfordert umfassende Verbesserungen.
chatgpt4,Z.P7,"Das derzeitige medizinische System ist durch Ineffizienzen und unzureichende Leistung gekennzeichnet, was die Notwendigkeit von Reformen und technologischen Innovationen verdeutlicht."
chatgpt4,Z.K1,medKI nicht freundlich.
chatgpt4,Z.K1,medKI kühl und unpersönlich.
chatgpt4,Z.K1,Medizinische KI wirkt distanzierter.
chatgpt4,Z.K1,Medizinische KI fehlt persönliche Note.
chatgpt4,Z.K1,Die medKI bietet eine unpersönlichere Betreuung.
chatgpt4,Z.K1,Ein Nachteil der medKI ist ihr unpersönlicher Charakter.
chatgpt4,Z.K1,Die medizinische KI kann als unpersönlicher im Vergleich zur menschlichen Betreuung empfunden werden.
chatgpt4,Z.K1,Medizinische KI stellt eine weniger persönliche Form der Patientenbetreuung dar.
chatgpt4,Z.K1,Die Anwendung von medizinischer KI kann zu einem Verlust der persönlichen Beziehung zwischen Patienten und medizinischem Personal führen.
chatgpt4,Z.K1,Der Einsatz von medizinischer KI in der Gesundheitsversorgung kann die Patientenbetreuung weniger persönlich gestalten und die menschliche Interaktion im Versorgungsprozess reduzieren.
chatgpt4,Z.K2,medKI versteht Leben nicht.
chatgpt4,Z.K2,KI kennt Patientenleben nicht.
chatgpt4,Z.K2,Medizinische KI beachtet Lebensumstände nicht.
chatgpt4,Z.K2,Komplexe Patientensituation? KI weiß nicht.
chatgpt4,Z.K2,Die medKI berücksichtigt komplexe Lebensumstände der Patient:innen unzureichend.
chatgpt4,Z.K2,Ein Nachteil der medKI ist die Vernachlässigung komplexer Lebenssituationen von Patient:innen.
chatgpt4,Z.K2,"Die medizinische KI kann Schwierigkeiten haben, die komplexen Lebensumstände von Patient:innen zu erfassen."
chatgpt4,Z.K2,Medizinische KI stößt bei der Berücksichtigung von Patient:innen mit komplexen Lebenssituationen auf Grenzen.
chatgpt4,Z.K2,"Die medizinische KI ist eingeschränkt in ihrer Fähigkeit, die vielschichtigen Lebensumstände von Patient:innen in Diagnose- und Therapieentscheidungen einzubeziehen."
chatgpt4,Z.K2,"Die Anwendung von medizinischer KI in der Patientenversorgung kann dazu führen, dass die Komplexität der individuellen Lebensumstände von Patient:innen nicht ausreichend berücksichtigt wird, was die Qualität der Betreuung beeinträchtigen kann."
chatgpt4,Z.K4,medKI Fehler mehr und mehr.
chatgpt4,Z.K4,Fehler bei medKI wachsen.
chatgpt4,Z.K4,Medizinische KI Fehler multiplizieren.
chatgpt4,Z.K4,Fehler vermehren sich bei medKI.
chatgpt4,Z.K4,Die medKI kann Fehler vervielfältigen.
chatgpt4,Z.K4,Ein Risiko der medKI ist die Multiplikation von Fehlern.
chatgpt4,Z.K4,Fehler in der medizinischen KI können sich potenziell aufsummieren.
chatgpt4,Z.K4,Die medizinische KI birgt das Risiko einer Fehlermultiplikation im Diagnose- und Therapieprozess.
chatgpt4,Z.K4,"Die Implementierung von medizinischer KI kann zu einer Multiplikation von Fehlern führen, was die Qualität und Sicherheit der Patientenversorgung beeinträchtigen kann."
chatgpt4,Z.K4,"Ein potenzielles Risiko der Anwendung von medizinischer KI in der Gesundheitsversorgung ist die Multiplikation von Fehlern, die sich negativ auf die Qualität und Sicherheit der Diagnose- und Therapieentscheidungen auswirken können."
chatgpt4,Z.K6,medKI nicht besser als Arzt.
chatgpt4,Z.K6,Arzt besser als medKI?
chatgpt4,Z.K6,Medizinische KI nicht überlegen Ärzt:innen.
chatgpt4,Z.K6,Kein Vorteil von medKI gegenüber Ärzt:innen.
chatgpt4,Z.K6,Die medKI wird nicht unbedingt besser sein als Ärzt:innen.
chatgpt4,Z.K6,Ein Argument gegen medKI ist ihre mögliche Gleichwertigkeit zu Ärzt:innen.
chatgpt4,Z.K6,Die medizinische KI wird möglicherweise keine signifikante Verbesserung gegenüber Ärzt:innen bieten.
chatgpt4,Z.K6,Die Leistung von medizinischer KI kann im Vergleich zu Ärzt:innen als ähnlich oder nicht überlegen betrachtet werden.
chatgpt4,Z.K6,Die Einführung von medizinischer KI in die Gesundheitsversorgung garantiert nicht zwangsläufig eine überlegene Leistung im Vergleich zu Ärzt:innen.
chatgpt4,Z.K6,"Der potenzielle Nutzen von medizinischer KI in der Patientenversorgung kann eingeschränkt sein, wenn sie im Vergleich zu menschlichen Ärzt:innen keine signifikant besseren Ergebnisse liefert."
chatgpt4,Z.K15,medKI macht große Fehler.
chatgpt4,Z.K15,Schlimme Fehler durch medKI.
chatgpt4,Z.K15,Medizinische KI verursacht gravierende Fehler.
chatgpt4,Z.K15,Gefährliche Fehler bei medKI.
chatgpt4,Z.K15,Die medKI kann schwerwiegende Fehler begehen.
chatgpt4,Z.K15,Ein Risiko der medKI ist die Möglichkeit von schwerwiegenden Fehlern.
chatgpt4,Z.K15,Die medizinische KI kann unter Umständen zu schwerwiegenden Fehlern im Diagnose- und Therapieprozess führen.
chatgpt4,Z.K15,"Medizinische KI birgt das Risiko, schwerwiegende Fehler in der Patientenversorgung zu verursachen."
chatgpt4,Z.K15,"Die Implementierung von medizinischer KI kann zu schwerwiegenden Fehlern führen, die die Qualität und Sicherheit der Patientenversorgung beeinträchtigen können."
chatgpt4,Z.K15,"Ein potenzielles Risiko der Anwendung von medizinischer KI in der Gesundheitsversorgung ist die Verursachung von schwerwiegenden Fehlern, die sich negativ auf die Qualität und Sicherheit der Diagnose- und Therapieentscheidungen auswirken können."
chatgpt4,Z.K18,medKI gut wie Daten nur.
chatgpt4,Z.K18,"Daten schlecht, medKI schlecht."
chatgpt4,Z.K18,Medizinische KI limitiert durch Datenqualität.
chatgpt4,Z.K18,Datenerhebung begrenzt medKI Leistung.
chatgpt4,Z.K18,Die medKI ist nur so gut wie die Qualität der Datenerhebungszentren.
chatgpt4,Z.K18,Ein Limitierungsfaktor der medKI ist die Güte der Datenerhebungszentren.
chatgpt4,Z.K18,Die Leistungsfähigkeit der medizinischen KI hängt stark von der Qualität der Datenerhebungszentren ab.
chatgpt4,Z.K18,Die Wirksamkeit von medizinischer KI ist direkt von der Qualität der Daten aus Datenerhebungszentren abhängig.
chatgpt4,Z.K18,"Die Effektivität von medizinischer KI in der Patientenversorgung kann eingeschränkt sein, wenn die Qualität der Daten aus Datenerhebungszentren nicht gewährleistet ist."
chatgpt4,Z.K18,"Die Leistungsfähigkeit von medizinischer KI ist begrenzt durch die Qualität der Daten, die von Datenerhebungszentren bereitgestellt werden, und kann somit von der Güte dieser Daten beeinflusst werden."
chatgpt4,Z.K3,medKI Fehler? Nicht gut!
chatgpt4,Z.K3,Keine Fehler bei medKI erlaubt.
chatgpt4,Z.K3,Medizinische KI Fehlentscheidungen nicht toleriert.
chatgpt4,Z.K3,Fehler der medKI unakzeptabel.
chatgpt4,Z.K3,Unvermeidliche Fehlentscheidungen der medKI werden abgelehnt.
chatgpt4,Z.K3,Fehlentscheidungen durch medKI sind gesellschaftlich schwer zu akzeptieren.
chatgpt4,Z.K3,Die Toleranz für unvermeidliche Fehlentscheidungen der medizinischen KI ist gering.
chatgpt4,Z.K3,"Fehlentscheidungen, die durch die Anwendung von medizinischer KI entstehen, werden häufig nicht akzeptiert."
chatgpt4,Z.K3,"Unvermeidliche Fehlentscheidungen, die durch den Einsatz von medizinischer KI entstehen, stoßen auf Widerstand und Akzeptanzprobleme in der Gesellschaft."
chatgpt4,Z.K3,"Die gesellschaftliche Akzeptanz von unvermeidlichen Fehlentscheidungen, die durch die Implementierung von medizinischer KI auftreten, stellt eine Herausforderung dar und kann zu Ablehnung und Widerstand führen."
chatgpt4,Z.K11,"medKI tödlich? Nein, nein!"
chatgpt4,Z.K11,Technische tödliche Fehler bei medKI böse.
chatgpt4,Z.K11,Medizinische KI tödliche Fehler unerträglich.
chatgpt4,Z.K11,Technische tödliche Fehler bei medKI inakzeptabel.
chatgpt4,Z.K11,"Technisch bedingte, tödliche Fehler der medKI sind grundsätzlich nicht akzeptabel."
chatgpt4,Z.K11,Tödliche Fehler durch medKI sind prinzipiell nicht hinnehmbar.
chatgpt4,Z.K11,Technisch verursachte tödliche Fehler der medizinischen KI sind ethisch nicht vertretbar.
chatgpt4,Z.K11,"Die gesellschaftliche Akzeptanz von technisch bedingten, tödlichen Fehlern der medizinischen KI ist grundlegend nicht gegeben."
chatgpt4,Z.K11,"Technisch bedingte tödliche Fehler, die durch die Anwendung von medizinischer KI entstehen, sind prinzipiell nicht hinnehmbar und stellen ein ethisches Dilemma dar."
chatgpt4,Z.K11,"Die ethische Vertretbarkeit von technisch bedingten, tödlichen Fehlern der medizinischen KI ist grundlegend in Frage gestellt und nicht akzeptabel für die Gesellschaft."
chatgpt4,Z.K12,medKI Fehler schlimmer als Arzt Fehler.
chatgpt4,Z.K12,Patienten mögen Arzt Fehler mehr.
chatgpt4,Z.K12,Medizinische KI Fehler weniger akzeptiert als Ärzt:innen Fehler.
chatgpt4,Z.K12,Patient:innen tolerieren KI Fehler schlechter.
chatgpt4,Z.K12,Patient:innen akzeptieren Fehler der medKI weniger als Fehler von Ärzt:innen.
chatgpt4,Z.K12,Fehler von medizinischer KI werden von Patient:innen weniger toleriert als Fehler von Ärzt:innen.
chatgpt4,Z.K12,Die Akzeptanz von Fehlern der medizinischen KI ist bei Patient:innen geringer als die von Fehlern menschlicher Ärzt:innen.
chatgpt4,Z.K12,"Patient:innen neigen dazu, Fehler der medizinischen KI weniger zu akzeptieren als Fehler von Ärzt:innen."
chatgpt4,Z.K12,"Fehler, die durch die Anwendung von medizinischer KI entstehen, stoßen bei Patient:innen auf eine geringere Akzeptanz im Vergleich zu Fehlern, die durch menschliche Ärzt:innen verursacht werden."
chatgpt4,Z.K12,"Die gesellschaftliche Akzeptanz von Fehlern der medizinischen KI ist bei Patient:innen eingeschränkt, insbesondere im Vergleich zu Fehlern, die durch menschliche Ärzt:innen auftreten."
chatgpt4,Z.K5,medKI erklärt schlecht für Patienten.
chatgpt4,Z.K5,KI nicht gut Patienten-Bedürfnisse erklären.
chatgpt4,Z.K5,Medizinische KI unzureichend bei Patienten-Bedürfnissen.
chatgpt4,Z.K5,Patienten-Bedürfnisse bei medKI-Erklärung schlecht berücksichtigt.
chatgpt4,Z.K5,Die medKI kann die Behandlungsempfehlungen nicht gut auf die Bedürfnisse der Patient:innen abstimmen.
chatgpt4,Z.K5,"Medizinische KI hat Schwierigkeiten, ihre Empfehlungen den Patientenbedürfnissen anzupassen."
chatgpt4,Z.K5,Die medizinische KI zeigt Defizite beim Eingehen auf individuelle Patientenbedürfnisse während der Erklärung von Behandlungsempfehlungen.
chatgpt4,Z.K5,"Die Fähigkeit der medizinischen KI, ihre Behandlungsempfehlungen auf die Bedürfnisse der Patient:innen abzustimmen, ist begrenzt."
chatgpt4,Z.K5,"Eine Herausforderung der medizinischen KI besteht darin, bei der Erklärung ihrer Behandlungsempfehlungen adäquat auf die individuellen Bedürfnisse der Patient:innen einzugehen."
chatgpt4,Z.K5,"Die medizinische KI stößt auf Schwierigkeiten, wenn es darum geht, ihre Behandlungsempfehlungen auf die spezifischen Bedürfnisse der Patient:innen zuzuschneiden und diese angemessen zu erklären."
chatgpt4,Z.K7,medKI kein Gefühl für traurige Patienten.
chatgpt4,Z.K7,medKI versteht verzweifelte Menschen nicht.
chatgpt4,Z.K7,Medizinische KI fehlt Einfühlungsvermögen.
chatgpt4,Z.K7,MedKI kann nicht mit verzweifelten Patient:innen fühlen.
chatgpt4,Z.K7,Die medKI besitzt kein Einfühlungsvermögen für verzweifelte Patient:innen.
chatgpt4,Z.K7,"Medizinische KI ist unfähig, Empathie für verzweifelte Patient:innen aufzubringen."
chatgpt4,Z.K7,Eine Limitation der medizinischen KI ist das fehlende Einfühlungsvermögen für emotionale Situationen von Patient:innen.
chatgpt4,Z.K7,Die medizinische KI kann nicht die notwendige Empathie für verzweifelte Patient:innen aufbringen.
chatgpt4,Z.K7,"Die Unfähigkeit der medizinischen KI, Empathie und emotionales Einfühlungsvermögen für verzweifelte Patient:innen zu zeigen, stellt eine bedeutende Einschränkung dar."
chatgpt4,Z.K7,"Die medizinische KI stößt auf Schwierigkeiten, wenn es darum geht, empathisch auf die emotionalen Bedürfnisse und die Verzweiflung von Patient:innen einzugehen."
chatgpt4,Z.K10,Alte Menschen mögen medKI nicht.
chatgpt4,Z.K10,Ältere Patienten haben kein Vertrauen in medKI.
chatgpt4,Z.K10,Medizinische KI und Vertrauen bei älteren Patient:innen schwierig.
chatgpt4,Z.K10,Ältere Patient:innen vertrauen medKI weniger.
chatgpt4,Z.K10,"Ältere Patient:innen könnten Schwierigkeiten haben, der medKI zu vertrauen."
chatgpt4,Z.K10,"Besonders ältere Patient:innen neigen dazu, medizinischen KIs weniger zu vertrauen."
chatgpt4,Z.K10,Die Akzeptanz und das Vertrauen in medizinische KI ist bei älteren Patient:innen eingeschränkt.
chatgpt4,Z.K10,Ältere Patient:innen zeigen häufig ein geringeres Vertrauen in die medizinische KI als jüngere Patient:innen.
chatgpt4,Z.K10,Inbesondere ältere Patient:innen könnten aufgrund von Vertrauensbarrieren Vorbehalte gegenüber der medizinischen KI haben.
chatgpt4,Z.K10,"Die Vertrauensbildung zwischen älteren Patient:innen und medizinischen KIs stellt eine Herausforderung dar, die möglicherweise die Akzeptanz und Nutzung der KI beeinträchtigt."
chatgpt4,Z.K9,medKI nicht sicher vor Hackern.
chatgpt4,Z.K9,Hacker-Angriffe treffen medKI.
chatgpt4,Z.K9,Medizinische KI Gefahr durch Hackerangriffe.
chatgpt4,Z.K9,Cyberangriffe bedrohen medKI.
chatgpt4,Z.K9,Die medKI kann nicht vollständig gegen Hacker- und Cyberangriffe geschützt werden.
chatgpt4,Z.K9,Medizinische KI ist anfällig für Hackerangriffe und Cyberbedrohungen.
chatgpt4,Z.K9,Eine Herausforderung bei medizinischen KIs ist der Schutz vor Cyberangriffen und Hackern.
chatgpt4,Z.K9,Die Sicherheit von medizinischen KIs gegenüber Hacker- und Cyberangriffen bleibt ein kritisches Problem.
chatgpt4,Z.K9,"Trotz Sicherheitsmaßnahmen bleibt die medizinische KI potenziell anfällig für Hacker- und Cyberangriffe, was eine Bedrohung für ihre Zuverlässigkeit darstellt."
chatgpt4,Z.K9,"Die Absicherung der medizinischen KI gegen Hacker- und Cyberangriffe stellt eine kontinuierliche Herausforderung dar, da diese Bedrohungen die Integrität und Verlässlichkeit der KI beeinträchtigen können."
chatgpt4,Z.K13,medKI stoppt Datenklau nicht.
chatgpt4,Z.K13,Datendiebstahl bei medKI möglich.
chatgpt4,Z.K13,Medizinische KI schützt Daten nicht komplett.
chatgpt4,Z.K13,Datenmissbrauch bei medKI unvermeidbar.
chatgpt4,Z.K13,Die medKI kann nicht vollständig den Missbrauch von Daten verhindern.
chatgpt4,Z.K13,Medizinische KI ist anfällig für Datenmissbrauch.
chatgpt4,Z.K13,Ein Problem bei medizinischen KIs ist der unzureichende Schutz vor Datenmissbrauch.
chatgpt4,Z.K13,"Die Unfähigkeit der medizinischen KI, Datenmissbrauch vollständig zu verhindern, stellt eine Sicherheitslücke dar."
chatgpt4,Z.K13,"Trotz Sicherheitsmaßnahmen kann die medizinische KI nicht vollumfänglich Datenmissbrauch verhindern, was eine Bedrohung für den Datenschutz darstellt."
chatgpt4,Z.K13,"Die potenzielle Anfälligkeit der medizinischen KI für Datenmissbrauch, trotz bestehender Sicherheitsmaßnahmen, erfordert fortwährende Wachsamkeit und Anpassungen, um den Schutz sensibler Patientendaten zu gewährleisten."
chatgpt4,Z.K14,medKI macht Doktor unnötig.
chatgpt4,Z.K14,Arztjob nicht mehr nötig durch medKI.
chatgpt4,Z.K14,Medizinische KI ersetzt Ärzt:innen-Beruf.
chatgpt4,Z.K14,Durch medKI wird ärztlicher Beruf obsolet.
chatgpt4,Z.K14,Die medKI könnte das traditionelle ärztliche Berufsbild überflüssig machen.
chatgpt4,Z.K14,Medizinische KI führt zur Umgestaltung des ärztlichen Berufsbildes.
chatgpt4,Z.K14,Die Einführung der medizinischen KI kann das herkömmliche ärztliche Berufsbild in Frage stellen.
chatgpt4,Z.K14,Durch die Implementierung von medizinischen KIs wird das traditionelle ärztliche Berufsbild möglicherweise überflüssig.
chatgpt4,Z.K14,"Die Integration der medizinischen KI in das Gesundheitssystem könnte das klassische ärztliche Berufsbild obsolet werden lassen, indem sie zentrale Funktionen von Ärzt:innen übernimmt."
chatgpt4,Z.K14,"Das Erscheinen der medizinischen KI im medizinischen Bereich kann zur Neubewertung und möglichen Überflüssigkeit des traditionellen ärztlichen Berufsbildes führen, da die KI zunehmend diagnostische und therapeutische Aufgaben übernehmen kann."
chatgpt4,Z.K16,Menschen brauchen immer medKI.
chatgpt4,Z.K16,Alle abhängig von medKI.
chatgpt4,Z.K16,Menschen werden von medizinischer KI abhängig.
chatgpt4,Z.K16,Abhängigkeit von medKI wächst.
chatgpt4,Z.K16,Die medKI führt zu einer erhöhten Abhängigkeit der Menschen.
chatgpt4,Z.K16,Medizinische KI erzeugt Abhängigkeit bei den Menschen.
chatgpt4,Z.K16,Ein Nebeneffekt der medizinischen KI ist die wachsende Abhängigkeit der Menschen von dieser Technologie.
chatgpt4,Z.K16,Die Nutzung der medizinischen KI kann eine zunehmende Abhängigkeit der Menschen von dieser Technologie bewirken.
chatgpt4,Z.K16,"Die Integration der medizinischen KI in das Gesundheitssystem kann eine steigende Abhängigkeit der Menschen von dieser Technologie zur Folge haben, was möglicherweise unerwünschte Nebeneffekte mit sich bringt."
chatgpt4,Z.K16,"Die wachsende Implementierung und Nutzung der medizinischen KI kann zu einer verstärkten Abhängigkeit der Menschen von dieser Technologie führen, wodurch die Fähigkeit, ohne sie auszukommen, möglicherweise beeinträchtigt wird."
chatgpt4,Z.K8,Gesundheitszentren viel Geld kosten.
chatgpt4,Z.K8,Kosten für medizinische Zentren hoch.
chatgpt4,Z.K8,Medizinische Versorgungszentren sind kostspielig.
chatgpt4,Z.K8,Hohe Kosten für medizinische Versorgungszentren.
chatgpt4,Z.K8,Die Errichtung von medizinischen Versorgungszentren ist mit hohen Kosten verbunden.
chatgpt4,Z.K8,Medizinische Versorgungszentren sind finanziell aufwendig.
chatgpt4,Z.K8,Die hohen Kosten medizinischer Versorgungszentren stellen eine finanzielle Herausforderung dar.
chatgpt4,Z.K8,Das Errichten und Betreiben medizinischer Versorgungszentren erfordert erhebliche finanzielle Ressourcen.
chatgpt4,Z.K8,"Die erheblichen Kosten, die mit dem Aufbau und Betrieb von medizinischen Versorgungszentren einhergehen, können eine potenzielle Hürde bei der Implementierung dieser Einrichtungen darstellen."
chatgpt4,Z.K8,"Die finanzielle Belastung, die durch die Errichtung und den Betrieb von medizinischen Versorgungszentren entsteht, kann sowohl für die öffentliche Hand als auch für private Träger eine bedeutende Herausforderung darstellen."
chatgpt4,Z.K19,Keine Behandlung bei kaputter Infrastruktur.
chatgpt4,Z.K19,"Wenn alles kaputt, keine Behandlung."
chatgpt4,Z.K19,Ausfall der Infrastruktur blockiert Behandlungen.
chatgpt4,Z.K19,Infrastrukturausfall verhindert medizinische Versorgung.
chatgpt4,Z.K19,Ein Infrastrukturausfall macht medizinische Behandlungen unmöglich.
chatgpt4,Z.K19,Die medizinische Versorgung ist bei Ausfall der Infrastruktur nicht gewährleistet.
chatgpt4,Z.K19,Ein Ausfall der medizinischen Infrastruktur kann die Durchführung von Behandlungen verhindern.
chatgpt4,Z.K19,Die Abhängigkeit von einer funktionierenden Infrastruktur stellt ein Risiko für die medizinische Versorgung dar.
chatgpt4,Z.K19,Die Anfälligkeit der medizinischen Versorgung für Infrastrukturausfälle kann im Falle eines solchen Ereignisses die Durchführung von Behandlungen stark beeinträchtigen.
chatgpt4,Z.K19,"Die Abhängigkeit der medizinischen Versorgung von einer stabilen und funktionierenden Infrastruktur stellt ein signifikantes Risiko dar, da ein Ausfall dieser Infrastruktur die Bereitstellung von Behandlungen verhindern würde."